Year,Date,Event,Heat,Place,Name,Country,Mark,Reaction Time (s),Medal,Time,Qualified or Season Best,Country
2000,22-Sep,Men 100,1,1,Aziz ZAKARI,GHAGHA,10.31 Q,0.317,,10.31,Q,GHA
2000,22-Sep,Men 100,1,2,Patrick JOHNSON,AUSAUS,10.31 Q,0.152,,10.31,Q,AUS
2000,22-Sep,Men 100,1,3,Venancio JOSÉ,ESPESP,10.36 Q,0.169,,10.36,Q,ESP
2000,22-Sep,Men 100,1,4,Martin LACHKOVICS,AUTAUT,10.41 q,0.15,,10.41,q,AUT
2000,22-Sep,Men 100,1,5,Nicolas MACROZONARIS,CANCAN,10.45,0.189,,10.45,,CAN
2000,22-Sep,Men 100,1,6,Jamal Abd. AL-SAFFAR,KSAKSA,10.75,0.165,,10.75,,KSA
2000,22-Sep,Men 100,1,7,Luong Tich THIEN,VIEVIE,10.85,0.245,,10.85,,VIE
2000,22-Sep,Men 100,1,8,Pa Modou GAI,GAMGAM,11.03,0.173,,11.03,,GAM
2000,22-Sep,Men 100,1,9,Mario BONELLO,MLTMLT,11.06,0.157,,11.06,,MLT
2000,22-Sep,Men 100,2,1,Marcin NOWAK,POLPOL,10.27 Q,0.164,,10.27,Q,POL
2000,22-Sep,Men 100,2,2,Sunday EMMANUEL,NGRNGR,10.31 Q,0.152,,10.31,Q,NGR
2000,22-Sep,Men 100,2,3,Freddy MAYOLA,CUBCUB,10.33 Q,0.155,,10.33,Q,CUB
2000,22-Sep,Men 100,2,4,Sayon COOPER,LBRLBR,10.33 q,0.168,,10.33,q,LBR
2000,22-Sep,Men 100,2,5,David PATROS,FRAFRA,10.38 q,0.258,,10.38,q,FRA
2000,22-Sep,Men 100,2,6,Chiang Wai HUNG,HKGHKG,10.64,0.2,,10.64,,HKG
2000,22-Sep,Men 100,2,7,Teymur GASIMOV,AZEAZE,10.97,0.227,,10.97,,AZE
2000,22-Sep,Men 100,2,8,Haseri ASLI,BRUBRU,11.11,0.259,,11.11,,BRU
2000,22-Sep,Men 100,2,9,Sisomphone VONGPHAKDY,LAOLAO,11.47,0.221,,11.47,,LAO
2000,22-Sep,Men 100,3,1,Curtis JOHNSON,USAUSA,10.30 Q,0.194,,10.3,Q,USA
2000,22-Sep,Men 100,3,2,Vicente DE LIMA,BRABRA,10.31 Q,0.159,,10.31,Q,BRA
2000,22-Sep,Men 100,3,3,Yeóryios THEODORÍDIS,GREGRE,10.34 Q,0.169,,10.34,Q,GRE
2000,22-Sep,Men 100,3,4,Bruny SURIN,CANCAN,10.41 q,0.198,,10.41,q,CAN
2000,22-Sep,Men 100,3,5,Renward WELLS,BAHBAH,10.47,0.252,,10.47,,BAH
2000,22-Sep,Men 100,3,6,Dejan VOJNOVIC,CROCRO,10.50 SB,0.139,,10.5,SB,CRO
2000,22-Sep,Men 100,3,7,Tommi HARTONEN,FINFIN,10.53,0.235,,10.53,,FIN
2000,22-Sep,Men 100,3,8,Seun OGUNKOYA,NGRNGR,10.72,0.193,,10.72,,NGR
2000,22-Sep,Men 100,3,,Fernando ARLETE,GBSGBS,DNF,0.197,,DNF,,GBS
2000,22-Sep,Men 100,4,1,Obadele THOMPSON,BARBAR,10.23 Q,0.239,,10.23,Q,BAR
2000,22-Sep,Men 100,4,2,Deji ALIU,NGRNGR,10.35 Q,0.214,,10.35,Q,NGR
2000,22-Sep,Men 100,4,3,Shingo KAWABATA,JPNJPN,10.39 Q,0.169,,10.39,Q,JPN
2000,22-Sep,Men 100,4,4,Stefano TILLI,ITAITA,10.40 q,0.209,,10.4,q,ITA
2000,22-Sep,Men 100,4,5,Raphael DE OLIVEIRA,BRABRA,10.44,0.179,,10.44,,BRA
2000,22-Sep,Men 100,4,6,Paul BRIZZEL,IRLIRL,10.62,0.205,,10.62,,IRL
2000,22-Sep,Men 100,4,7,Petko YANKOV,BULBUL,10.63,0.227,,10.63,,BUL
2000,22-Sep,Men 100,4,8,Christopher Silas ADOLF,PLWPLW,11.01 NR,0.147,,11.01,NR,PLW
2000,22-Sep,Men 100,4,9,Toluta'u KOULA,TGATGA,11.01,0.215,,11.01,,TGA
2000,22-Sep,Men 100,5,1,Darren CAMPBELL,GBRGBR,10.28 Q,0.224,,10.28,Q,GBR
2000,22-Sep,Men 100,5,2,Serge BENGONO,CMRCMR,10.35 Q,0.2,,10.35,Q,CMR
2000,22-Sep,Men 100,5,3,Piotr BALCERZAK,POLPOL,10.42 Q,0.146,,10.42,Q,POL
2000,22-Sep,Men 100,5,4,Tommy KAFRI,ISRISR,10.43,0.207,,10.43,,ISR
2000,22-Sep,Men 100,5,5,Christian NSIAH,GHAGHA,10.44,0.154,,10.44,,GHA
2000,22-Sep,Men 100,5,6,Francesco SCUDERI,ITAITA,10.5,0.152,,10.5,,ITA
2000,22-Sep,Men 100,5,7,Idrissa SANOU,BURBUR,10.6,0.234,,10.6,,BUR
2000,22-Sep,Men 100,5,8,Youssouf SIMPARA,MLIMLI,10.82,0.218,,10.82,,MLI
2000,22-Sep,Men 100,5,,Ronald PROMESSE,LCALCA,DNF,0.272,,DNF,,LCA
2000,22-Sep,Men 100,6,1,Maurice GREENE,USAUSA,10.31 Q,0.195,,10.31,Q,USA
2000,22-Sep,Men 100,6,2,Kim COLLINS,SKNSKN,10.39 Q,0.24,,10.39,Q,SKN
2000,22-Sep,Men 100,6,3,Joseph BATANGDON,CMRCMR,10.45 Q,0.192,,10.45,Q,CMR
2000,22-Sep,Men 100,6,4,Andrea COLOMBO,ITAITA,10.52,0.264,,10.52,,ITA
2000,22-Sep,Men 100,6,5,Watson NYAMBEK,MASMAS,10.61,0.175,,10.61,,MAS
2000,22-Sep,Men 100,6,6,John MURAY,INAINA,10.68,0.18,,10.68,,INA
2000,22-Sep,Men 100,6,7,Teinakore TEITI,COKCOK,11.22,0.17,,11.22,,COK
2000,22-Sep,Men 100,6,8,Saviour SPITERI,MLTMLT,12.57,0.207,,12.57,,MLT
2000,22-Sep,Men 100,7,1,Stéphane BUCKLAND,MRIMRI,10.35 Q,0.218,,10.35,Q,MRI
2000,22-Sep,Men 100,7,2,Dwain CHAMBERS,GBRGBR,10.38 Q,0.171,,10.38,Q,GBR
2000,22-Sep,Men 100,7,3,Donovan BAILEY,CANCAN,10.39 Q,0.235,,10.39,Q,CAN
2000,22-Sep,Men 100,7,4,Marc BLUME,GERGER,10.42,0.208,,10.42,,GER
2000,22-Sep,Men 100,7,5,Paul DI BELLA,AUSAUS,10.52,0.231,,10.52,,AUS
2000,22-Sep,Men 100,7,6,Edgardo A. SERPAS,ESAESA,10.63,0.168,,10.63,,ESA
2000,22-Sep,Men 100,7,7,Hadhari DJAFFAR,COMCOM,10.68,0.25,,10.68,,COM
2000,22-Sep,Men 100,7,8,Kelsey NAKANELUA,ASAASA,10.93 NR,0.245,,10.93,NR,ASA
2000,22-Sep,Men 100,7,9,Jean-Aime RANDRIANALIJAONA,MADMAD,12.5,0.21,,12.5,,MAD
2000,22-Sep,Men 100,8,1,Ato BOLDON,TTOTTO,10.04 Q,0.17,,10.04,Q,TTO
2000,22-Sep,Men 100,8,2,Antoine BOUSSOMBO,GABGAB,10.13 Q EN,0.177,,10.13,Q,GAB
2000,22-Sep,Men 100,8,3,Leonard MYLES-MILLS,GHAGHA,10.15 Q SB,0.193,,10.15,Q,GHA
2000,22-Sep,Men 100,8,4,Ibrahim MEITÉ,CIVCIV,10.24 q PB,0.191,,10.24,q,CIV
2000,22-Sep,Men 100,8,5,Cláudio Roberto SOUZA,BRABRA,10.31 q,0.222,,10.31,q,BRA
2000,22-Sep,Men 100,8,6,Anninos MARCOULLIDES,CYPCYP,10.32 q SB,0.278,,10.32,q,CYP
2000,22-Sep,Men 100,8,7,Janis ROUBABA,INAINA,10.54,0.247,,10.54,,INA
2000,22-Sep,Men 100,8,8,Oltjon LULI,ALBALB,11.08,0.235,,11.08,,ALB
2000,22-Sep,Men 100,8,9,Mamane Sani ALI,NIGNIG,11.25 SB,0.219,,11.25,SB,NIG
2000,22-Sep,Men 100,9,1,Jon DRUMMOND,USAUSA,10.20 Q,0.198,,10.2,Q,USA
2000,22-Sep,Men 100,9,2,Matthew SHIRVINGTON,AUSAUS,10.35 Q,0.241,,10.35,Q,AUS
2000,22-Sep,Men 100,9,3,Patrick JARRETT,JAMJAM,10.41 Q,0.146,,10.41,Q,JAM
2000,22-Sep,Men 100,9,4,Anatoliy DOVHAL,UKRUKR,10.48,0.174,,10.48,,UKR
2000,22-Sep,Men 100,9,5,Oscar MENESES,GUAGUA,10.54,0.212,,10.54,,GUA
2000,22-Sep,Men 100,9,6,Shigeyuki KOJIMA,JPNJPN,10.59,0.217,,10.59,,JPN
2000,22-Sep,Men 100,9,7,Caimin DOUGLAS,AHOAHO,10.69,0.259,,10.69,,AHO
2000,22-Sep,Men 100,9,8,Abraham KEPSIN,VANVAN,11.12 PB,0.172,,11.12,PB,VAN
2000,22-Sep,Men 100,9,9,Philam GARCIA,GUMGUM,11.21,0.22,,11.21,,GUM
2000,22-Sep,Men 100,10,1,Jason GARDENER,GBRGBR,10.38 Q,0.188,,10.38,Q,GBR
2000,22-Sep,Men 100,10,2,Lindel FRATER,JAMJAM,10.45 Q,0.154,,10.45,Q,JAM
2000,22-Sep,Men 100,10,3,Kostyantyn RURAK,UKRUKR,10.48 Q,0.224,,10.48,Q,UKR
2000,22-Sep,Men 100,10,4,Sherwin VRIES,NAMNAM,10.53,0.165,,10.53,,NAM
2000,22-Sep,Men 100,10,5,Niconnor ALEXANDER,TTOTTO,10.56,0.149,,10.56,,TTO
2000,22-Sep,Men 100,10,6,Sergey BYCHKOV,RUSRUS,10.68,0.183,,10.68,,RUS
2000,22-Sep,Men 100,10,7,Ruslan RUSIDZE,GEOGEO,10.7,0.166,,10.7,,GEO
2000,22-Sep,Men 100,10,8,Alpha KAMARA,SLESLE,10.74,0.162,,10.74,,SLE
2000,22-Sep,Men 100,10,9,Vitaliy MEDVEDEV,KAZKAZ,10.75,0.209,,10.75,,KAZ
2000,22-Sep,Men 100,11,1,Christopher WILLIAMS,JAMJAM,10.35 Q,0.186,,10.35,Q,JAM
2000,22-Sep,Men 100,11,2,Mathew QUINN,RSARSA,10.44 Q,0.17,,10.44,Q,RSA
2000,22-Sep,Men 100,11,3,Koji ITO,JPNJPN,10.45 Q,0.234,,10.45,Q,JPN
2000,22-Sep,Men 100,11,4,Heber VIERA,URUURU,10.54,0.246,,10.54,,URU
2000,22-Sep,Men 100,11,5,Gabriel SIMÓN,ARGARG,10.56,0.166,,10.56,,ARG
2000,22-Sep,Men 100,11,6,Erwin Heru SUSANTO,INAINA,10.87,0.164,,10.87,,INA
2000,22-Sep,Men 100,11,7,Moumi SEBERGUE,CHACHA,11,0.249,,11,,CHA
2000,22-Sep,Men 100,11,8,Guillermo DONGO,SURSUR,11.1,0.197,,11.1,,SUR
2000,22-Sep,Men 100,11,9,Lucas NELSON,SEYSEY,11.15,0.218,,11.15,,SEY
2000,22-Sep,Men 100,Q1,1,Maurice GREENE,USAUSA,10.10 Q,0.182,,10.1,Q,USA
2000,22-Sep,Men 100,Q1,2,Leonard MYLES-MILLS,GHAGHA,10.23 Q,0.145,,10.23,Q,GHA
2000,22-Sep,Men 100,Q1,3,Sunday EMMANUEL,NGRNGR,10.36 Q,0.165,,10.36,Q,NGR
2000,22-Sep,Men 100,Q1,4,Marcin NOWAK,POLPOL,10.37,0.186,,10.37,,POL
2000,22-Sep,Men 100,Q1,5,Sayon COOPER,LBRLBR,10.37,0.147,,10.37,,LBR
2000,22-Sep,Men 100,Q1,6,Ibrahim MEITÉ,CIVCIV,10.4,0.191,,10.4,,CIV
2000,22-Sep,Men 100,Q1,7,Serge BENGONO,CMRCMR,10.46,0.222,,10.46,,CMR
2000,22-Sep,Men 100,Q1,8,Shingo KAWABATA,JPNJPN,10.6,0.184,,10.6,,JPN
2000,22-Sep,Men 100,Q2,1,Ato BOLDON,TTOTTO,10.11 Q,0.155,,10.11,Q,TTO
2000,22-Sep,Men 100,Q2,2,Kim COLLINS,SKNSKN,10.19 Q,0.222,,10.19,Q,SKN
2000,22-Sep,Men 100,Q2,3,Bruny SURIN,CANCAN,10.20 Q,0.13,,10.2,Q,CAN
2000,22-Sep,Men 100,Q2,4,Jason GARDENER,GBRGBR,10.27,0.177,,10.27,,GBR
2000,22-Sep,Men 100,Q2,5,Christopher WILLIAMS,JAMJAM,10.3,0.187,,10.3,,JAM
2000,22-Sep,Men 100,Q2,6,Freddy MAYOLA,CUBCUB,10.35,0.144,,10.35,,CUB
2000,22-Sep,Men 100,Q2,7,Piotr BALCERZAK,POLPOL,10.38,0.152,,10.38,,POL
2000,22-Sep,Men 100,Q2,8,Martin LACHKOVICS,AUTAUT,10.44,0.189,,10.44,,AUT
2000,22-Sep,Men 100,Q2,9,Joseph BATANGDON,CMRCMR,10.52,0.231,,10.52,,CMR
2000,22-Sep,Men 100,Q3,1,Obadele THOMPSON,BARBAR,10.04 Q,0.187,,10.04,Q,BAR
2000,22-Sep,Men 100,Q3,2,Matthew SHIRVINGTON,AUSAUS,10.13 Q,0.142,,10.13,Q,AUS
2000,22-Sep,Men 100,Q3,3,Aziz ZAKARI,GHAGHA,10.22 Q,0.193,,10.22,Q,GHA
2000,22-Sep,Men 100,Q3,4,Lindel FRATER,JAMJAM,10.23 q,0.185,,10.23,q,JAM
2000,22-Sep,Men 100,Q3,5,Vicente DE LIMA,BRABRA,10.28,0.191,,10.28,,BRA
2000,22-Sep,Men 100,Q3,6,David PATROS,FRAFRA,10.33,0.241,,10.33,,FRA
2000,22-Sep,Men 100,Q3,7,Kostyantyn RURAK,UKRUKR,10.38,0.191,,10.38,,UKR
2000,22-Sep,Men 100,Q3,8,Donovan BAILEY,CANCAN,11.36,0.216,,11.36,,CAN
2000,22-Sep,Men 100,Q4,1,Dwain CHAMBERS,GBRGBR,10.12 Q,0.15,,10.12,Q,GBR
2000,22-Sep,Men 100,Q4,2,Jon DRUMMOND,USAUSA,10.15 Q,0.145,,10.15,Q,USA
2000,22-Sep,Men 100,Q4,3,Koji ITO,JPNJPN,10.25 Q SB,0.221,,10.25,Q,JPN
2000,22-Sep,Men 100,Q4,4,Stéphane BUCKLAND,MRIMRI,10.26,0.15,,10.26,,MRI
2000,22-Sep,Men 100,Q4,5,Antoine BOUSSOMBO,GABGAB,10.27,0.19,,10.27,,GAB
2000,22-Sep,Men 100,Q4,6,Stefano TILLI,ITAITA,10.27,0.162,,10.27,,ITA
2000,22-Sep,Men 100,Q4,7,Mathew QUINN,RSARSA,10.27,0.157,,10.27,,RSA
2000,22-Sep,Men 100,Q4,8,Patrick JARRETT,JAMJAM,16.4,0.184,,16.4,,JAM
2000,22-Sep,Men 100,Q5,1,Darren CAMPBELL,GBRGBR,10.21 Q,0.229,,10.21,Q,GBR
2000,22-Sep,Men 100,Q5,2,Curtis JOHNSON,USAUSA,10.24 Q,0.142,,10.24,Q,USA
2000,22-Sep,Men 100,Q5,3,Deji ALIU,NGRNGR,10.29 Q,0.181,,10.29,Q,NGR
2000,22-Sep,Men 100,Q5,4,Yeóryios THEODORÍDIS,GREGRE,10.29,0.144,,10.29,,GRE
2000,22-Sep,Men 100,Q5,5,Patrick JOHNSON,AUSAUS,10.44,0.236,,10.44,,AUS
2000,22-Sep,Men 100,Q5,6,Cláudio Roberto SOUZA,BRABRA,10.47,0.182,,10.47,,BRA
2000,22-Sep,Men 100,Q5,7,Anninos MARCOULLIDES,CYPCYP,10.48,0.183,,10.48,,CYP
2000,22-Sep,Men 100,Q5,8,Venancio JOSÉ,ESPESP,10.53,0.189,,10.53,,ESP
2000,23-Sep,Men 100,S1,1,Dwain CHAMBERS,GBRGBR,10.14 Q,0.164,,10.14,Q,GBR
2000,23-Sep,Men 100,S1,2,Obadele THOMPSON,BARBAR,10.15 Q,0.189,,10.15,Q,BAR
2000,23-Sep,Men 100,S1,3,Darren CAMPBELL,GBRGBR,10.19 Q,0.161,,10.19,Q,GBR
2000,23-Sep,Men 100,S1,4,Kim COLLINS,SKNSKN,10.20 Q,0.184,,10.2,Q,SKN
2000,23-Sep,Men 100,S1,5,Leonard MYLES-MILLS,GHAGHA,10.25,0.22,,10.25,,GHA
2000,23-Sep,Men 100,S1,6,Curtis JOHNSON,USAUSA,10.27,0.146,,10.27,,USA
2000,23-Sep,Men 100,S1,7,Koji ITO,JPNJPN,10.39,0.217,,10.39,,JPN
2000,23-Sep,Men 100,S1,8,Lindel FRATER,JAMJAM,10.46,0.203,,10.46,,JAM
2000,23-Sep,Men 100,S2,1,Maurice GREENE,USAUSA,10.06 Q,0.227,,10.06,Q,USA
2000,23-Sep,Men 100,S2,2,Jon DRUMMOND,USAUSA,10.10 Q,0.137,,10.1,Q,USA
2000,23-Sep,Men 100,S2,3,Ato BOLDON,TTOTTO,10.13 Q,0.212,,10.13,Q,TTO
2000,23-Sep,Men 100,S2,4,Aziz ZAKARI,GHAGHA,10.16 Q,0.236,,10.16,Q,GHA
2000,23-Sep,Men 100,S2,5,Matthew SHIRVINGTON,AUSAUS,10.26,0.166,,10.26,,AUS
2000,23-Sep,Men 100,S2,6,Deji ALIU,NGRNGR,10.32,0.253,,10.32,,NGR
2000,23-Sep,Men 100,S2,7,Sunday EMMANUEL,NGRNGR,10.45,0.163,,10.45,,NGR
2000,23-Sep,Men 100,S2,8,Bruny SURIN,CANCAN,50.94,0.151,,50.94,,CAN
2000,23-Sep,Men 100,F,1,Maurice GREENE,USAUSA,9.87,0.197,G,9.87,,USA
2000,23-Sep,Men 100,F,2,Ato BOLDON,TTOTTO,9.99,0.136,S,9.99,,TTO
2000,23-Sep,Men 100,F,3,Obadele THOMPSON,BARBAR,10.04,0.216,B,10.04,,BAR
2000,23-Sep,Men 100,F,4,Dwain CHAMBERS,GBRGBR,10.08 SB,0.174,,10.08,SB,GBR
2000,23-Sep,Men 100,F,5,Jon DRUMMOND,USAUSA,10.09,0.147,,10.09,,USA
2000,23-Sep,Men 100,F,6,Darren CAMPBELL,GBRGBR,10.13,0.193,,10.13,,GBR
2000,23-Sep,Men 100,F,7,Kim COLLINS,SKNSKN,10.17,0.21,,10.17,,SKN
2000,23-Sep,Men 100,F,,Aziz ZAKARI,GHAGHA,DNF,0.18,,DNF,,GHA
2000,22-Sep,Female 100,1,1,Savatheda FYNES,BAHBAH,11.18 Q,0.164,,11.18,Q,BAH
2000,22-Sep,Female 100,1,2,Myriam Léonie MANI,CMRCMR,11.24 Q,0.152,,11.24,Q,CMR
2000,22-Sep,Female 100,1,3,Valma BASS,SKNSKN,11.45 Q,0.174,,11.45,Q,SKN
2000,22-Sep,Female 100,1,4,Karin MAYR-KRIFKA,AUTAUT,11.5,0.166,,11.5,,AUT
2000,22-Sep,Female 100,1,5,Joice MADUAKA,GBRGBR,11.51,0.23,,11.51,,GBR
2000,22-Sep,Female 100,1,6,Martha ADUSEI,CANCAN,11.82,0.254,,11.82,,CAN
2000,22-Sep,Female 100,1,7,Mari Paz MOSANGA MOTANGA,GEQGEQ,12.91,0.281,,12.91,,GEQ
2000,22-Sep,Female 100,1,8,Ismenia FREDERICO,CPVCPV,12.99,0.19,,12.99,,CPV
2000,22-Sep,Female 100,2,1,Christine ARRON,FRAFRA,11.42 Q,0.261,,11.42,Q,FRA
2000,22-Sep,Female 100,2,2,Lyubov PEREPELOVA,UZBUZB,11.48 Q,0.256,,11.48,Q,UZB
2000,22-Sep,Female 100,2,3,Sarah REILLY,IRLIRL,11.56 Q,0.181,,11.56,Q,IRL
2000,22-Sep,Female 100,2,4,Natasha MAYERS,VINVIN,11.61,0.215,,11.61,,VIN
2000,22-Sep,Female 100,2,5,Aminata DIOUF,SENSEN,11.65,0.234,,11.65,,SEN
2000,22-Sep,Female 100,2,6,Fana ASHBY,TTOTTO,11.85,0.243,,11.85,,TTO
2000,22-Sep,Female 100,2,7,Peoria KOSHIBA,PLWPLW,12.66 NR,0.239,,12.66,NR,PLW
2000,22-Sep,Female 100,2,8,Jenny KENI,SOLSOL,13.01,0.275,,13.01,,SOL
2000,22-Sep,Female 100,3,1,Zhanna BLOCK,UKRUKR,11.27 Q,0.215,,11.27,Q,UKR
2000,22-Sep,Female 100,3,2,Beverly MCDONALD,JAMJAM,11.36 Q,0.181,,11.36,Q,JAM
2000,22-Sep,Female 100,3,3,Joan Uduak EKAH,NGRNGR,11.60 Q,0.173,,11.6,Q,NGR
2000,22-Sep,Female 100,3,4,Ayanna HUTCHINSON,TTOTTO,11.78,0.248,,11.78,,TTO
2000,22-Sep,Female 100,3,5,Lerma GABITO,PHIPHI,12.08,0.261,,12.08,,PHI
2000,22-Sep,Female 100,3,6,Vukosava DJAPIC,SCGSCG,12.12,0.183,,12.12,,SCG
2000,22-Sep,Female 100,3,7,Emma WADE,BIZBIZ,12.25 PB,0.164,,12.25,PB,BIZ
2000,22-Sep,Female 100,3,8,Luz Marina GEERMAN,ARUARU,12.96,0.242,,12.96,,ARU
2000,22-Sep,Female 100,4,1,Susanthika JAYASINGHE,SRISRI,11.15 Q,0.206,,11.15,Q,SRI
2000,22-Sep,Female 100,4,2,Anzhela KRAVCHENKO,UKRUKR,11.35 Q,0.234,,11.35,Q,UKR
2000,22-Sep,Female 100,4,3,Mary ONYALI-OMAGBEMI,NGRNGR,11.36 Q,0.192,,11.36,Q,NGR
2000,22-Sep,Female 100,4,4,Lauren HEWITT,AUSAUS,11.42 q,0.202,,11.42,q,AUS
2000,22-Sep,Female 100,4,5,Mireille DONDERS,SUISUI,11.63,0.169,,11.63,,SUI
2000,22-Sep,Female 100,4,6,Heidi HANNULA,FINFIN,11.68,0.228,,11.68,,FIN
2000,22-Sep,Female 100,4,7,Lina BEJJANI,LBNLBN,12.98,,,12.98,,LBN
2000,22-Sep,Female 100,4,8,Regina SHOTARO,FSMFSM,13.69,0.272,,13.69,,FSM
2000,22-Sep,Female 100,5,1,Ekateríni THÁNOU,GREGRE,11.10 Q,0.155,,11.1,Q,GRE
2000,22-Sep,Female 100,5,2,Iryna PUKHA,UKRUKR,11.41 Q,0.154,,11.41,Q,UKR
2000,22-Sep,Female 100,5,3,Hanitriniaina RAKOTONDRABE,MADMAD,11.50 Q,0.19,,11.5,Q,MAD
2000,22-Sep,Female 100,5,4,Heather SAMUEL,ANTANT,11.62,0.169,,11.62,,ANT
2000,22-Sep,Female 100,5,5,Viktoriya KOVIYREVA,KAZKAZ,11.72,0.225,,11.72,,KAZ
2000,22-Sep,Female 100,5,6,Agné EGGERTH,LTULTU,11.87,0.277,,11.87,,LTU
2000,22-Sep,Female 100,5,7,Devi Maya PANERU,NEPNEP,12.74,0.17,,12.74,,NEP
2000,22-Sep,Female 100,5,8,Foujia HUDA,BANBAN,12.75,0.214,,12.75,,BAN
2000,22-Sep,Female 100,5,9,M'Mah TOURE,GUIGUI,12.82,0.259,,12.82,,GUI
2000,22-Sep,Female 100,6,1,Sandra CITTE,FRAFRA,11.47 Q,0.182,,11.47,Q,FRA
2000,22-Sep,Female 100,6,2,Monica TWUM,GHAGHA,11.48 Q,0.172,,11.48,Q,GHA
2000,22-Sep,Female 100,6,3,Marina TRANDENKOVA,RUSRUS,11.51,0.178,,11.51,,RUS
2000,22-Sep,Female 100,6,4,Shani ANDERSON,GBRGBR,11.55,0.19,,11.55,,GBR
2000,22-Sep,Female 100,6,5,Ekundayo WILLIAMS,SLESLE,12.19,0.256,,12.19,,SLE
2000,22-Sep,Female 100,6,6,Laure KUETEY,BENBEN,12.4,0.201,,12.4,,BEN
2000,22-Sep,Female 100,6,7,Shamha AHMED,MDVMDV,12.87,,,12.87,,MDV
2000,22-Sep,Female 100,6,,Marion JONES,USAUSA,DQ,0.165,,DQ,,USA
2000,22-Sep,Female 100,7,1,Chandra STURRUP,BAHBAH,11.31 Q,0.18,,11.31,Q,BAH
2000,22-Sep,Female 100,7,2,Mercy NKU,NGRNGR,11.41 Q,0.196,,11.41,Q,NGR
2000,22-Sep,Female 100,7,3,Natalya IGNATOVA,RUSRUS,11.54 Q,0.187,,11.54,Q,RUS
2000,22-Sep,Female 100,7,4,Marcia RICHARDSON,GBRGBR,11.62,0.201,,11.62,,GBR
2000,22-Sep,Female 100,7,5,Paraskevi PATOULIDOU,GREGRE,11.65,0.216,,11.65,,GRE
2000,22-Sep,Female 100,7,6,Joanna HOAREAU,SEYSEY,12.01,0.261,,12.01,,SEY
2000,22-Sep,Female 100,7,7,Akonga NSIMBO,CODCOD,12.51 NR,0.234,,12.51,NR,COD
2000,22-Sep,Female 100,7,8,Tamara SHANIDZE,GEOGEO,12.56,0.273,,12.56,,GEO
2000,22-Sep,Female 100,7,9,Fatou DIENG,MTNMTN,13.69,0.201,,13.69,,MTN
2000,22-Sep,Female 100,8,1,Debbie FERGUSON-MCKENZIE,BAHBAH,11.10 Q,0.19,,11.1,Q,BAH
2000,22-Sep,Female 100,8,2,Xuemei LI,CHNCHN,11.25 Q SB,0.185,,11.25,Q,CHN
2000,22-Sep,Female 100,8,3,Torri EDWARDS,USAUSA,11.34 Q,0.159,,11.34,Q,USA
2000,22-Sep,Female 100,8,4,Cydonie MOTHERSILLE,CAYCAY,11.38 q,0.226,,11.38,q,CAY
2000,22-Sep,Female 100,8,5,Ameerah BELLO,ISVISV,11.64,0.245,,11.64,,ISV
2000,22-Sep,Female 100,8,6,Grace DINKINS,LBRLBR,11.79,0.174,,11.79,,LBR
2000,22-Sep,Female 100,8,7,Anais OYEMBO,GABGAB,12.19 SB,0.158,,12.19,SB,GAB
2000,22-Sep,Female 100,8,8,Mariam Mohamed Hadi AL HILLI,BRNBRN,13.98 SB,,,13.98,SB,BRN
2000,22-Sep,Female 100,9,1,Merlene OTTEY,JAMJAM,11.24 Q,0.235,,11.24,Q,JAM
2000,22-Sep,Female 100,9,2,Petya PENDAREVA,BULBUL,11.30 Q,0.198,,11.3,Q,BUL
2000,22-Sep,Female 100,9,3,Melinda GAINSFORD-TAYLOR,AUSAUS,11.34 Q,0.191,,11.34,Q,AUS
2000,22-Sep,Female 100,9,4,Natalya POMOSHCHNIKOVA-VORONOVA,RUSRUS,11.47,0.188,,11.47,,RUS
2000,22-Sep,Female 100,9,5,Louise AYÉTOTCHÉ,CIVCIV,11.52,0.267,,11.52,,CIV
2000,22-Sep,Female 100,9,6,Irene TRUICE JOSEPH,INAINA,11.93,0.233,,11.93,,INA
2000,22-Sep,Female 100,9,7,Shu-Chuan CHEN,TAITAI,12.22,0.241,,12.22,,TAI
2000,22-Sep,Female 100,9,8,Sarah TONDE,BURBUR,12.56,0.216,,12.56,,BUR
2000,22-Sep,Female 100,9,9,Sandjema BATOULI,COMCOM,13.58,0.253,,13.58,,COM
2000,22-Sep,Female 100,10,1,Chryste GAINES,USAUSA,11.06 Q,0.208,,11.06,Q,USA
2000,22-Sep,Female 100,10,2,Tayna LAWRENCE,JAMJAM,11.14 Q,0.165,,11.14,Q,JAM
2000,22-Sep,Female 100,10,3,Vida NSIAH,GHAGHA,11.18 Q NR,0.217,,11.18,Q,GHA
2000,22-Sep,Female 100,10,4,Esi BENYARKU,CANCAN,11.55,0.185,,11.55,,CAN
2000,22-Sep,Female 100,10,5,Xiujun ZENG,CHNCHN,11.63,0.284,,11.63,,CHN
2000,22-Sep,Female 100,10,6,Kadiatou CAMARA,MLIMLI,11.65 NR,0.249,,11.65,NR,MLI
2000,22-Sep,Female 100,10,7,Joanne DURANT,BARBAR,11.82,0.242,,11.82,,BAR
2000,22-Sep,Female 100,10,8,Chan Than OUK,CAMCAM,14.13,,,14.13,,CAM
2000,22-Sep,Female 100,Q1,1,Merlene OTTEY,JAMJAM,11.08 Q,0.203,,11.08,Q,JAM
2000,22-Sep,Female 100,Q1,2,Debbie FERGUSON-MCKENZIE,BAHBAH,11.18 Q,0.192,,11.18,Q,BAH
2000,22-Sep,Female 100,Q1,3,Mercy NKU,NGRNGR,11.26 Q,0.172,,11.26,Q,NGR
2000,22-Sep,Female 100,Q1,4,Christine ARRON,FRAFRA,11.26 Q,0.241,,11.26,Q,FRA
2000,22-Sep,Female 100,Q1,5,Torri EDWARDS,USAUSA,11.32,0.168,,11.32,,USA
2000,22-Sep,Female 100,Q1,6,Anzhela KRAVCHENKO,UKRUKR,11.32,0.216,,11.32,,UKR
2000,22-Sep,Female 100,Q1,7,Monica TWUM,GHAGHA,11.7,0.223,,11.7,,GHA
2000,22-Sep,Female 100,Q1,8,Cydonie MOTHERSILLE,CAYCAY,11.81,0.28,,11.81,,CAY
2000,22-Sep,Female 100,Q2,1,Ekateríni THÁNOU,GREGRE,10.99 Q,0.18,,10.99,Q,GRE
2000,22-Sep,Female 100,Q2,2,Tayna LAWRENCE,JAMJAM,11.11 Q,0.19,,11.11,Q,JAM
2000,22-Sep,Female 100,Q2,3,Melinda GAINSFORD-TAYLOR,AUSAUS,11.24 Q SB,0.221,,11.24,Q,AUS
2000,22-Sep,Female 100,Q2,4,Petya PENDAREVA,BULBUL,11.36,0.231,,11.36,,BUL
2000,22-Sep,Female 100,Q2,5,Hanitriniaina RAKOTONDRABE,MADMAD,11.51,0.225,,11.51,,MAD
2000,22-Sep,Female 100,Q2,6,Iryna PUKHA,UKRUKR,11.54,0.215,,11.54,,UKR
2000,22-Sep,Female 100,Q2,7,Joan Uduak EKAH,NGRNGR,11.67,0.265,,11.67,,NGR
2000,22-Sep,Female 100,Q2,,Marion JONES,USAUSA,DQ,0.215,,DQ,,USA
2000,22-Sep,Female 100,Q3,1,Zhanna BLOCK,UKRUKR,11.08 Q,0.191,,11.08,Q,UKR
2000,22-Sep,Female 100,Q3,2,Chryste GAINES,USAUSA,11.21 Q,0.216,,11.21,Q,USA
2000,22-Sep,Female 100,Q3,3,Chandra STURRUP,BAHBAH,11.22 Q,0.234,,11.22,Q,BAH
2000,22-Sep,Female 100,Q3,4,Beverly MCDONALD,JAMJAM,11.26 Q,0.194,,11.26,Q,JAM
2000,22-Sep,Female 100,Q3,5,Mary ONYALI-OMAGBEMI,NGRNGR,11.4,0.222,,11.4,,NGR
2000,22-Sep,Female 100,Q3,6,Lauren HEWITT,AUSAUS,11.54,0.196,,11.54,,AUS
2000,22-Sep,Female 100,Q3,7,Valma BASS,SKNSKN,11.6,0.17,,11.6,,SKN
2000,22-Sep,Female 100,Q3,8,Sandra CITTE,FRAFRA,11.63,0.253,,11.63,,FRA
2000,22-Sep,Female 100,Q4,1,Savatheda FYNES,BAHBAH,11.10 Q,0.175,,11.1,Q,BAH
2000,22-Sep,Female 100,Q4,2,Vida NSIAH,GHAGHA,11.19 Q,0.181,,11.19,Q,GHA
2000,22-Sep,Female 100,Q4,3,Myriam Léonie MANI,CMRCMR,11.23 Q,0.157,,11.23,Q,CMR
2000,22-Sep,Female 100,Q4,4,Susanthika JAYASINGHE,SRISRI,11.23 Q,0.226,,11.23,Q,SRI
2000,22-Sep,Female 100,Q4,5,Xuemei LI,CHNCHN,11.46,0.22,,11.46,,CHN
2000,22-Sep,Female 100,Q4,6,Natalya IGNATOVA,RUSRUS,11.47,0.198,,11.47,,RUS
2000,22-Sep,Female 100,Q4,7,Sarah REILLY,IRLIRL,11.53,0.185,,11.53,,IRL
2000,22-Sep,Female 100,Q4,8,Lyubov PEREPELOVA,UZBUZB,11.59,0.25,,11.59,,UZB
2000,23-Sep,Female 100,S1,1,Merlene OTTEY,JAMJAM,11.22 Q,0.206,,11.22,Q,JAM
2000,23-Sep,Female 100,S1,2,Chandra STURRUP,BAHBAH,11.31 Q,0.202,,11.31,Q,BAH
2000,23-Sep,Female 100,S1,3,Zhanna BLOCK,UKRUKR,11.32 Q,0.227,,11.32,Q,UKR
2000,23-Sep,Female 100,S1,4,Debbie FERGUSON-MCKENZIE,BAHBAH,11.34 Q,0.281,,11.34,Q,BAH
2000,23-Sep,Female 100,S1,5,Vida NSIAH,GHAGHA,11.37,0.173,,11.37,,GHA
2000,23-Sep,Female 100,S1,6,Myriam Léonie MANI,CMRCMR,11.4,0.196,,11.4,,CMR
2000,23-Sep,Female 100,S1,7,Christine ARRON,FRAFRA,11.42,0.253,,11.42,,FRA
2000,23-Sep,Female 100,S1,8,Melinda GAINSFORD-TAYLOR,AUSAUS,11.45,0.21,,11.45,,AUS
2000,23-Sep,Female 100,S2,1,Ekateríni THÁNOU,GREGRE,11.10 Q,0.205,,11.1,Q,GRE
2000,23-Sep,Female 100,S2,2,Savatheda FYNES,BAHBAH,11.16 Q,0.172,,11.16,Q,BAH
2000,23-Sep,Female 100,S2,3,Tayna LAWRENCE,JAMJAM,11.12 Q,0.171,,11.12,Q,JAM
2000,23-Sep,Female 100,S2,4,Chryste GAINES,USAUSA,11.23,0.201,,11.23,,USA
2000,23-Sep,Female 100,S2,5,Beverly MCDONALD,JAMJAM,11.31,0.193,,11.31,,JAM
2000,23-Sep,Female 100,S2,6,Susanthika JAYASINGHE,SRISRI,11.33,0.188,,11.33,,SRI
2000,23-Sep,Female 100,S2,7,Mercy NKU,NGRNGR,11.56,0.228,,11.56,,NGR
2000,23-Sep,Female 100,S2,,Marion JONES,USAUSA,DQ,0.192,,DQ,,USA
2000,23-Sep,Female 100,F,1,Ekateríni THÁNOU *,GREGRE,11.12,0.206,S,11.12,,GRE
2000,23-Sep,Female 100,F,2,Tayna LAWRENCE,JAMJAM,11.18,0.163,B,11.18,,JAM
2000,23-Sep,Female 100,F,3,Merlene OTTEY,JAMJAM,11.19,0.179,,11.19,,JAM
2000,23-Sep,Female 100,F,4,Zhanna BLOCK,UKRUKR,11.2,0.223,,11.2,,UKR
2000,23-Sep,Female 100,F,5,Chandra STURRUP,BAHBAH,11.21,0.193,,11.21,,BAH
2000,23-Sep,Female 100,F,6,Savatheda FYNES,BAHBAH,11.22,0.253,,11.22,,BAH
2000,23-Sep,Female 100,F,7,Debbie FERGUSON-MCKENZIE,BAHBAH,11.29,0.238,,11.29,,BAH
2000,23-Sep,Female 100,F,,Marion JONES,USAUSA,DQ,0.189,,DQ,,USA
